Workbook

Sheet SUMMARY
B2: ='Hedging 1 Data Supplement'!B2 -> RTX | C2: ='Hedging 1 Data Supplement'!C2 -> RTF | D2: ='Hedging 1 Data Supplement'!D2 -> GD | E2: ='Hedging 1 Data Supplement'!E2 -> POP | F2: ='Hedging 1 Data Supplement'!F2 -> RMS | G2: ='Hedging 1 Data Supplement'!G2 -> BBL | H2: ='Hedging 1 Data Supplement'!H2 -> TC | I2: ='Hedging 1 Data Supplement'!I2 -> GEB | ... M2: ='Hedging 1 Data Supplement'!M2 -> GGS | N2: TOTALS
A3: BETA | B3: 1 | C3: =-_xlfn.COVARIANCE.S('Hedging 1 Data Supplement'!P3:P301,'Hedging 1 Data Supplement'!$P$3:$P$301)/_xlfn.VAR.S('Hedging 1 Data Supplement'!$P$3:$P$301) -> -1 | D3: =_xlfn.COVARIANCE.S('Hedging 1 Data Supplement'!Q3:Q301,'Hedging 1 Data Supplement'!$P$3:$P$301)/_xlfn.VAR.S('Hedging 1 Data Supplement'!$P$3:$P$301) -> 1.0094994 | E3: =_xlfn.COVARIANCE.S('Hedging 1 Data Supplement'!R3:R301,'Hedging 1 Data Supplement'!$P$3:$P$301)/_xlfn.VAR.S('Hedging 1 Data Supplement'!$P$3:$P$301) -> 1.2943801 | F3: =_xlfn.COVARIANCE.S('Hedging 1 Data Supplement'!S3:S301,'Hedging 1 Data Supplement'!$P$3:$P$301)/_xlfn.VAR.S('Hedging 1 Data Supplement'!$P$3:$P$301) -> 0.77623568 | G3: =_xlfn.COVARIANCE.S('Hedging 1 Data Supplement'!T3:T301,'Hedging 1 Data Supplement'!$P$3:$P$301)/_xlfn.VAR.S('Hedging 1 Data Supplement'!$P$3:$P$301) -> 1.3698529 | H3: =_xlfn.COVARIANCE.S('Hedging 1 Data Supplement'!U3:U301,'Hedging 1 Data Supplement'!$P$3:$P$301)/_xlfn.VAR.S('Hedging 1 Data Supplement'!$P$3:$P$301) -> 1.0674404 | I3: =_xlfn.COVARIANCE.S('Hedging 1 Data Supplement'!V3:V301,'Hedging 1 Data Supplement'!$P$3:$P$301)/_xlfn.VAR.S('Hedging 1 Data Supplement'!$P$3:$P$301) -> 1.2805291 | J3: =_xlfn.COVARIANCE.S('Hedging 1 Data Supplement'!W3:W301,'Hedging 1 Data Supplement'!$P$3:$P$301)/_xlfn.VAR.S('Hedging 1 Data Supplement'!$P$3:$P$301) -> 1.3975618 | K3: =_xlfn.COVARIANCE.S('Hedging 1 Data Supplement'!X3:X301,'Hedging 1 Data Supplement'!$P$3:$P$301)/_xlfn.VAR.S('Hedging 1 Data Supplement'!$P$3:$P$301) -> 1.483691 | ... M3: =_xlfn.COVARIANCE.S('Hedging 1 Data Supplement'!Z3:Z301,'Hedging 1 Data Supplement'!$P$3:$P$301)/_xlfn.VAR.S('Hedging 1 Data Supplement'!$P$3:$P$301) -> 1.0509436
A4: Price | B4: ='Hedging 1 Data Supplement'!B3 -> 1050 | C4: ='Hedging 1 Data Supplement'!C3 -> 1050 | D4: ='Hedging 1 Data Supplement'!D3 -> 50 | E4: ='Hedging 1 Data Supplement'!E3 -> 80 | F4: ='Hedging 1 Data Supplement'!F3 -> 25 | G4: ='Hedging 1 Data Supplement'!G3 -> 16 | H4: ='Hedging 1 Data Supplement'!H3 -> 84 | I4: ='Hedging 1 Data Supplement'!I3 -> 52 | ... M4: ='Hedging 1 Data Supplement'!M3 -> 21
A5: CS | D5: 176000 | E5: 156250 | F5: 580000 | G5: 281250 | H5: 100000 | I5: 200000 | J5: 100000 | K5: 200000 | L5: 1112500 | M5: 200000 | N5: =SUM(D5:M5) -> 3106000
A6: Value | D6: =D4*D5 -> 8800000 | E6: =E4*E5 -> 12500000 | F6: =F4*F5 -> 14500000 | G6: =G4*G5 -> 4500000 | H6: =H4*H5 -> 8400000 | I6: =I4*I5 -> 10400000 | J6: =J4*J5 -> 15400000 | K6: =K4*K5 -> 12400000 | ... M6: =M4*M5 -> 4200000 | N6: =SUM(D6:M6) -> 100000000
A7: Weight | D7: =D6/$N$6 -> 0.088 | E7: =E6/$N$6 -> 0.125 | F7: =F6/$N$6 -> 0.145 | G7: =G6/$N$6 -> 0.045 | H7: =H6/$N$6 -> 0.084 | I7: =I6/$N$6 -> 0.104 | J7: =J6/$N$6 -> 0.154 | K7: =K6/$N$6 -> 0.124 | ... N7: =N6/$N$6 -> 1
A11: Q1
A12: Weighted Avg Beta of portfoilio | D12: {=SUM(D7:M7*D3:M3)} -> 1.1779869
A14: Multiplier | D14: 250
A15: Actual per futures | D15: =C4*D14 -> 262500
A19: Q2
A21: Beta Target | D21: 0
A23: Short | D23: =D12*N6/D15 -> 448.75691
A25: Q3
A26: Bid Ask Spread | D26: 0.01
A27: To be bought or sold | D27: =SUM(D5:M5) -> 3106000
A28: Buy Stock Fee | D28: =D26*$D$27 -> 31060
A29: Sell Stock Fee | D29: =D28 -> 31060
A30: Total Fee | D30: =SUM(D28:D29) -> 62120

Sheet Hedging 1 Data Supplement
B1: Rotman Index | C1: Rotman Index Futures | D1: GD Stock | E1: POP Stock | F1: RMS Stock | G1: BBL Stock | H1: TC Stock | I1: GEB Stock | J1: PKR Stock | K1: TTW Stock | L1: NWL Stock | M1: GGS Stock | O1: =B2 -> RTX | P1: =C2 -> RTF | Q1: =D2 -> GD | R1: =E2 -> POP | S1: =F2 -> RMS | T1: =G2 -> BBL | U1: =H2 -> TC | V1: =I2 -> GEB | ... Z1: =M2 -> GGS
A2: Tick | B2: RTX | C2: RTF | D2: GD | E2: POP | F2: RMS | G2: BBL | H2: TC | I2: GEB | J2: PKR | K2: TTW | L2: NWL | M2: GGS
A3: 1 | B3: 1050 | C3: 1050 | D3: 50 | E3: 80 | F3: 25 | G3: 16 | H3: 84 | I3: 52 | J3: 154 | K3: 62 | L3: 8 | M3: 21 | O3: =B4/B3-1 -> 0.0010740481 | P3: =C4/C3-1 -> 0.0010740481 | Q3: =D4/D3-1 -> -0.00011535588 | R3: =E4/E3-1 -> -0.0018077531 | S3: =F4/F3-1 -> -0.0018430264 | T3: =G4/G3-1 -> 0.00035271938 | U3: =H4/H3-1 -> 0.0014106326 | V3: =I4/I3-1 -> -0.0087632984 | ... Z3: =M4/M3-1 -> 0.0013924681
A4: 2 | B4: 1051.1278 | C4: 1051.1278 | D4: 49.994232 | E4: 79.85538 | F4: 24.953924 | G4: 16.005644 | H4: 84.118493 | I4: 51.544308 | J4: 153.15186 | K4: 61.915352 | L4: 8.0732438 | M4: 21.029242 | O4: =B5/B4-1 -> 0.00062285541 | P4: =C5/C4-1 -> 0.00062285541 | Q4: =D5/D4-1 -> 0.0014793049 | R4: =E5/E4-1 -> -0.0035179856 | S4: =F5/F4-1 -> 0.0055439836 | T4: =G5/G4-1 -> -0.0013195083 | U4: =H5/H4-1 -> -0.0055380419 | V4: =I5/I4-1 -> 0.0010867929 | ... Z4: =M5/M4-1 -> -0.0045578206
A5: 3 | B5: 1051.7825 | C5: 1051.7825 | D5: 50.068189 | E5: 79.57445 | F5: 25.092268 | G5: 15.984524 | H5: 83.652641 | I5: 51.600326 | J5: 153.70322 | K5: 61.967182 | L5: 8.0648733 | M5: 20.933394 | O5: =B6/B5-1 -> -0.0021562323 | P5: =C6/C5-1 -> -0.0021562323 | Q5: =D6/D5-1 -> 0.0011141567 | R5: =E6/E5-1 -> 0.001999655 | S5: =F6/F5-1 -> -0.0047835427 | T5: =G6/G5-1 -> -0.0054728427 | U5: =H6/H5-1 -> -0.0003903746 | V5: =I6/I5-1 -> -0.0025408874 | ... Z5: =M6/M5-1 -> -0.0058871712
A6: 4 | B6: 1049.5146 | C6: 1049.5146 | D6: 50.123973 | E6: 79.733571 | F6: 24.972239 | G6: 15.897043 | H6: 83.619986 | I6: 51.469216 | J6: 153.54303 | K6: 61.806144 | L6: 8.0005129 | M6: 20.810156 | O6: =B7/B6-1 -> 0.0034773508 | P6: =C7/C6-1 -> 0.0034773508 | Q6: =D7/D6-1 -> 0.002070157 | R6: =E7/E6-1 -> 0.0058924097 | S6: =F7/F6-1 -> 0.0020286281 | T6: =G7/G6-1 -> 0.0060771863 | U6: =H7/H6-1 -> -0.0017860036 | V6: =I7/I6-1 -> 0.0017059826 | ... Z6: =M7/M6-1 -> 0.0054208902
A7: 5 | B7: 1053.1641 | C7: 1053.1641 | D7: 50.227737 | E7: 80.203394 | F7: 25.022898 | G7: 15.993652 | H7: 83.47064 | I7: 51.557021 | J7: 153.98508 | K7: 62.066104 | L7: 8.0593079 | M7: 20.922965 | O7: =B8/B7-1 -> -0.00042205794 | P7: =C8/C7-1 -> -0.00042205794 | Q7: =D8/D7-1 -> 0.00086044673 | R7: =E8/E7-1 -> -0.0036773042 | S7: =F8/F7-1 -> -0.0016826583 | T7: =G8/G7-1 -> -0.0048421306 | U7: =H8/H7-1 -> -0.0002694671 | V7: =I8/I7-1 -> -0.0010702727 | ... Z7: =M8/M7-1 -> -0.0028813894
A8: 6 | B8: 1052.7196 | C8: 1052.7196 | D8: 50.270956 | E8: 79.908462 | F8: 24.980793 | G8: 15.916209 | H8: 83.448147 | I8: 51.501841 | J8: 154.98062 | K8: 62.009553 | L8: 8.1008684 | M8: 20.862678 | O8: =B9/B8-1 -> -0.00015751239 | P8: =C9/C8-1 -> -0.00015751239 | Q8: =D9/D8-1 -> -0.0025709466 | R8: =E9/E8-1 -> -0.00081853578 | S8: =F9/F8-1 -> -0.00088460299 | T8: =G9/G8-1 -> -0.0058665877 | U8: =H9/H8-1 -> 0.0051148427 | V8: =I9/I8-1 -> 0.010390052 | ... Z8: =M9/M8-1 -> -0.0024120665
A9: 7 | B9: 1052.5538 | C9: 1052.5538 | D9: 50.141712 | E9: 79.843054 | F9: 24.958695 | G9: 15.822835 | H9: 83.874971 | I9: 52.036948 | J9: 154.98571 | K9: 62.148441 | L9: 8.070453 | M9: 20.812356 | O9: =B10/B9-1 -> -0.0044669596 | P9: =C10/C9-1 -> -0.0044669596 | Q9: =D10/D9-1 -> -0.0084713798 | R9: =E10/E9-1 -> -0.0057733394 | S9: =F10/F9-1 -> -0.0042592932 | T9: =G10/G9-1 -> -0.0074940413 | U9: =H10/H9-1 -> -0.0046523076 | V9: =I10/I9-1 -> -0.0042416478 | ... Z9: =M10/M9-1 -> -0.0025299353
A10: 8 | B10: 1047.8521 | C10: 1047.8521 | D10: 49.716942 | E10: 79.382093 | F10: 24.852388 | G10: 15.704258 | H10: 83.484759 | I10: 51.816226 | J10: 153.14963 | K10: 61.435883 | L10: 8.039685 | M10: 20.759702 | O10: =B11/B10-1 -> 0.0020839528 | P10: =C11/C10-1 -> 0.0020839528 | Q10: =D11/D10-1 -> 0.00011057768 | R10: =E11/E10-1 -> 0.00082639913 | S10: =F11/F10-1 -> 0.0026785233 | T10: =G11/G10-1 -> 0.0028574198 | U10: =H11/H10-1 -> 0.0019648154 | V10: =I11/I10-1 -> -8.5934268e-05 | ... Z10: =M11/M10-1 -> -0.0005371006
A11: 9 | B11: 1050.0357 | C11: 1050.0357 | D11: 49.72244 | E11: 79.447694 | F11: 24.918956 | G11: 15.749132 | H11: 83.648791 | I11: 51.811773 | J11: 153.56713 | K11: 61.811074 | L11: 8.0326896 | M11: 20.748552 | O11: =B12/B11-1 -> -0.0049486772 | P11: =C12/C11-1 -> -0.0049486772 | Q11: =D12/D11-1 -> -0.0057502079 | R11: =E12/E11-1 -> -0.010377004 | S11: =F12/F11-1 -> 0.0028075347 | T11: =G12/G11-1 -> -0.0028753038 | U11: =H12/H11-1 -> -0.0040086413 | V11: =I12/I11-1 -> -0.0081213621 | ... Z11: =M12/M11-1 -> -0.0011611607
A12: 10 | B12: 1044.8395 | C12: 1044.8395 | D12: 49.436525 | E12: 78.623265 | F12: 24.988917 | G12: 15.703848 | H12: 83.313473 | I12: 51.390991 | J12: 151.81511 | K12: 61.274051 | L12: 7.9566779 | M12: 20.72446 | O12: =B13/B12-1 -> -0.00068941396 | P12: =C13/C12-1 -> -0.00068941396 | Q12: =D13/D12-1 -> 0.0010820847 | R12: =E13/E12-1 -> 0.00032074182 | S12: =F13/F12-1 -> -0.00023809269 | T12: =G13/G12-1 -> -0.001988357 | U12: =H13/H12-1 -> -0.0059099415 | V12: =I13/I12-1 -> 0.00071343614 | ... Z12: =M13/M12-1 -> -0.0020165081
A13: 11 | B13: 1044.1191 | C13: 1044.1191 | D13: 49.49002 | E13: 78.648483 | F13: 24.982967 | G13: 15.672624 | H13: 82.821096 | I13: 51.427655 | J13: 151.54859 | K13: 61.140477 | L13: 7.927543 | M13: 20.682669 | O13: =B14/B13-1 -> -0.0018487244 | P13: =C14/C13-1 -> -0.0018487244 | Q13: =D14/D13-1 -> -0.0030494944 | R13: =E14/E13-1 -> 0.0038057326 | S13: =F14/F13-1 -> -0.002012058 | T13: =G14/G13-1 -> -0.0013481674 | U13: =H14/H13-1 -> -5.2159126e-05 | V13: =I14/I13-1 -> -0.011302995 | ... Z13: =M14/M13-1 -> -0.0087193293
A14: 12 | B14: 1042.1888 | C14: 1042.1888 | D14: 49.3391 | E14: 78.947798 | F14: 24.9327 | G14: 15.651494 | H14: 82.816776 | I14: 50.846368 | J14: 150.24522 | K14: 60.536385 | L14: 7.9268846 | M14: 20.50233 | O14: =B15/B14-1 -> 0.0027937271 | P14: =C15/C14-1 -> 0.0027937271 | Q14: =D15/D14-1 -> 0.003455727 | R14: =E15/E14-1 -> 0.009175667 | S14: =F15/F14-1 -> 0.0038691586 | T14: =G15/G14-1 -> 0.0039377902 | U14: =H15/H14-1 -> -0.0026263718 | V14: =I15/I14-1 -> 0.0055366968 | ... Z14: =M15/M14-1 -> 0.0039569
... A301: 299 | B301: 994.14406 | C301: 994.14406 | D301: 47.505615 | E301: 83.78413 | F301: 22.806067 | G301: 14.97474 | H301: 77.112319 | I301: 50.927126 | J301: 130.20938 | K301: 61.443009 | L301: 7.7524482 | M301: 19.242744 | O301: =B302/B301-1 -> -0.0007883269 | P301: =C302/C301-1 -> -0.0007883269 | Q301: =D302/D301-1 -> -0.0018920909 | R301: =E302/E301-1 -> 0.00035315252 | S301: =F302/F301-1 -> -0.0012530216 | T301: =G302/G301-1 -> -0.0022492969 | U301: =H302/H301-1 -> 0.0049354257 | V301: =I302/I301-1 -> -0.0034733928 | ... Z301: =M302/M301-1 -> -0.00087609871
A302: 300 | B302: 993.36035 | C302: 993.36035 | D302: 47.41573 | E302: 83.813718 | F302: 22.77749 | G302: 14.941057 | H302: 77.492901 | I302: 50.750237 | J302: 129.90541 | K302: 60.973169 | L302: 7.6978266 | M302: 19.225886
